<?xml version="1.0" encoding="UTF-8"?>
<snappers xmlns:xsi="http://www.w3.org/2001/XMLSchema-instance"
	xsi:schemaLocation="https://code.google.com/p/apple-tv2-xbmc/snappers/ snappers.xsd"
	xmlns="https://code.google.com/p/apple-tv2-xbmc/snappers/">

	<snapper module="snapvideo.Dailymotion" function="retrievePlaylistVideoItems"
		playlist="true" enabled="true" desc="www.dailymotion.com video playlist snapper">
		<video-id regex="dailymotion.com/playlist/(.+?)_" />
		<video-id
			regex="dailymotion.com/widget/jukebox\?list\[\]\=\%2Fplaylist\%2F(.+?)&amp;" />
	</snapper>

	<snapper module="snapvideo.YouTube" function="retrievePlaylistVideoItems"
		playlist="true" enabled="true" desc="www.youtube.com video playlist snapper">
		<video-id regex="youtube.com/embed/videoseries\?list=PL(.+?)&amp;" />
		<video-id regex="youtube.com/playlist\?list=PL(.+?)&amp;" />
		<video-id regex="youtube.com/playlist\?list=(.+?)&amp;" />
		<video-id regex="youtube.com/p/(.+?)/" />
		<video-id regex="youtube.com/p/(.+?)\?" />
		<video-id regex="youtube.com/p/(.+?)&amp;" />
		<video-id regex="youtube.com/feeds/api/playlists/(.+?)&amp;" />
		<video-id regex="youtube.com/watch\?v=.*?&amp;list=PL(.+?)&amp;" />
		<video-id regex="youtube.com/view_play_list\?.*?&amp;p=(.+?)&amp;" />
	</snapper>

	<snapper module="snapvideo.YouTube" function="retrieveReloadedPlaylistVideoItems"
		playlist="true" enabled="true" desc="www.youtube.com video playlist snapper">
		<video-id regex="youtubereloaded.com/playlists/(.+?)&amp;" />
	</snapper>

	<snapper module="snapvideo.Dailymotion" function="retrieveVideoInfo"
		enabled="true" desc="www.dailymotion.com video hosting website">
		<video-id regex="dailymotion.com/video/(.+?)_" />
		<video-id regex="dailymotion.com/video/(.+?)&amp;" />
		<video-id regex="dailymotion.com/embed/video/(.+?)\?" />
		<video-id regex="dailymotion.com/swf/video/(.+?)\?" />
		<video-id regex="dailymotion.com/embed/video/(.+?)&amp;" />
		<video-id regex="dailymotion.com/swf/video/(.+?)&amp;" />
		<video-id regex="dailymotion.com/swf/(.+?)&amp;" />
		<video-id regex="dailymotion.com/swf/(.+?)&quot;" />
		<video-id regex="dailymotion.com/[a-zA-Z0-9]*\#videoId=(.+?)&amp;" />
	</snapper>
	<snapper module="snapvideo.YouTube" function="retrieveVideoInfo"
		enabled="true" desc="www.youtube.com video hosting website">
		<video-id regex="youtube.com/watch\?v=(.+?)&amp;" />
		<video-id regex="youtube.com/embed/(.+?)&amp;" />
		<video-id regex="href=&quot;http://youtu.be/(.+?)&quot;" />
		<video-id regex="\&#39;VIDEO_ID\&#39;: &quot;(.+?)&quot;" />
		<video-id regex="youtube.com/v/(.+?)\?" />
		<video-id regex="youtube.com/v/(.+?)&amp;" />
		<video-id regex="youtube.com/v/(.+?)&quot;" />
		<video-id regex="youtube.com/watch\?[a-zA-Z0-9&amp;=]*&amp;v=(.+?)&amp;" />
	</snapper>
	<snapper module="snapvideo.ZShare" function="retrieveVideoInfo"
		enabled="true" desc="www.zshare.net video hosting website">
		<video-id regex="zshare.net/video/(.+?)&amp;" />
		<video-id regex="zshare.net/video/(.+?)/" />
	</snapper>

	<snapper module="snapvideo.MegaVideo" function="retrieveVideoInfo"
		enabled="true" desc="www.megavideo.com video hosting website">
		<video-id regex="megavideo.com/v/(.+?)&amp;" />
		<video-id regex="megavideo.com/v/(.+?)&quot;" />
		<video-id regex="megavideo.com/\?v=(.+?)&amp;" />
	</snapper>

	<snapper module="snapvideo.Videobb" function="retrieveVideoInfo"
		enabled="true" desc="www.videobb.com video hosting website">
		<video-id regex="videobb.com/watch_video.php\?v=(.+?)&amp;" />
		<video-id regex="videobb.com/e/(.+?)&amp;" />
		<video-id regex="videobb.com/embed/(.+?)&amp;" />
		<video-id regex="videobb.com/f/(.+?)\.swf" />
		<video-id regex="videobb.com/video/(.+?)&amp;" />
	</snapper>

	<snapper module="snapvideo.Videozer" function="retrieveVideoInfo"
		enabled="true" desc="www.videozer.com video hosting website">
		<video-id regex="videozer.com/watch_video.php\?v=(.+?)&amp;" />
		<video-id regex="videozer.com/embed/(.+?)&amp;" />
		<video-id regex="videozer.com/flash/(.+?)\.swf" />
		<video-id regex="videozer.com/video/(.+?)&amp;" />
	</snapper>

	<snapper module="snapvideo.Movshare" function="retrieveVideoInfo"
		enabled="true" desc="www.movshare.net video hosting website">
		<video-id regex="movshare.net/embed.php\?v=(.+?)&amp;" />
		<video-id regex="movshare.net/video/(.+?)&amp;" />
	</snapper>

	<snapper module="snapvideo.Novamov" function="retrieveVideoInfo"
		enabled="true" desc="www.novamov.com video hosting website">
		<video-id regex="novamov.com/embed.php\?v=(.+?)&amp;" />
		<video-id regex="novamov.com/video/(.+?)&amp;" />
	</snapper>

	<snapper module="snapvideo.DivXStage" function="retrieveVideoInfo"
		enabled="true" desc="www.divxstage.eu video hosting website">
		<video-id regex="divxstage.eu/embed.php\?v=(.+?)&amp;" />
		<video-id regex="divxstage.eu/video/(.+?)&amp;" />
	</snapper>

	<snapper module="snapvideo.VideoWeed" function="retrieveVideoInfo"
		enabled="true" desc="www.videoweed.es video hosting website">
		<video-id regex="videoweed.es/embed.php\?v=(.+?)&amp;" />
		<video-id regex="videoweed.es/file/(.+?)&amp;" />
		<video-id regex="videoweed.es/video/(.+?)&amp;" />
		<video-id regex="videoweed.com/embed.php\?v=(.+?)&amp;" />
		<video-id regex="videoweed.com/file/(.+?)&amp;" />
		<video-id regex="videoweed.com/video/(.+?)&amp;" />
	</snapper>

	<snapper module="snapvideo.VidBux" function="retrieveVideoInfo"
		enabled="true" desc="www.vidbux.com video hosting website">
		<video-id regex="vidbux.com/embed-(.+?)\.html" />
		<video-id regex="vidbux.com/embed-(.+?)-" />
		<video-id regex="vidbux.com/(.+?)/" />
		<video-id regex="vidbux.com/(.+?)&amp;" />
	</snapper>

	<snapper module="snapvideo.VidXden" function="retrieveVideoInfo"
		enabled="true" desc="www.vidxden.com video hosting website">
		<video-id regex="vidxden.com/embed-(.+?)-" />
		<video-id regex="vidxden.com/embed-(.+?)\.html" />
		<video-id regex="vidxden.com/(.+?)/" />
		<video-id regex="vidxden.com/(.+?)&amp;" />
	</snapper>

	<snapper module="snapvideo.Facebook" function="retrieveVideoInfo"
		enabled="true" desc="www.facebook.com video hosting website">
		<video-id regex="facebook.com/v/(.+?)&amp;" />
		<video-id regex="facebook.com/video/video.php\?v=(.+?)&amp;" />
	</snapper>

	<snapper module="snapvideo.HostingCup" function="retrieveVideoInfo"
		enabled="true" desc="www.hostingcup.com video hosting website">
		<video-id regex="hostingcup.com/embed-(.+?)\.html" />
		<video-id regex="hostingcup.com/embed-(.+?)-" />
		<video-id regex="hostingcup.com/(.+?)/" />
		<video-id regex="hostingcup.com/(.+?)&amp;" />
		<video-id regex="vidpe.com/embed-(.+?)\.html" />
		<video-id regex="vidpe.com/embed-(.+?)-" />
		<video-id regex="vidpe.com/(.+?)/" />
		<video-id regex="vidpe.com/(.+?)&amp;" />
	</snapper>

	<snapper module="snapvideo.HostingBulk" function="retrieveVideoInfo"
		enabled="true" desc="www.hostingbulk.com video hosting website">
		<video-id regex="hostingbulk.com/embed-(.+?)\.html" />
		<video-id regex="hostingbulk.com/embed-(.+?)-" />
		<video-id regex="hostingbulk.com/(.+?)/" />
		<video-id regex="hostingbulk.com/(.+?)&amp;" />
	</snapper>

	<snapper module="snapvideo.Vimeo" function="retrieveVideoInfo"
		enabled="true" desc="www.vimeo.com video hosting website">
		<video-id regex="vimeo.com/video/(.+?)\?" />
		<video-id regex="vimeo.com/(.+?)#" />
		<video-id regex="vimeo.com/(.+?)&amp;" />
	</snapper>

	<snapper module="snapvideo.Veoh" function="retrieveVideoInfo"
		enabled="true" desc="www.veoh.com video hosting website">
		<video-id regex="veoh.com/watch/(.+?)\?" />
		<video-id regex="veoh.com/watch/(.+?)&amp;" />
		<video-id regex="&amp;permalinkId=(.+?)&amp;" />
	</snapper>

	<snapper module="snapvideo.Vioku" function="retrieveVideoInfo"
		enabled="true" desc="www.vioku.com video hosting website">
		<video-id regex="vioku.com/flvideo/(.+?)&amp;" />
	</snapper>

	<snapper module="snapvideo.Zalaa" function="retrieveVideoInfo"
		enabled="true" desc="www.vioku.com video hosting website">
		<video-id regex="zalaa.com/(.+?)&amp;" />
	</snapper>

	<snapper module="snapvideo.Videobam" function="retrieveVideoInfo"
		enabled="true" desc="www.videobam.com video hosting website">
		<video-id regex="videobam.com/(.+?)&amp;" />
	</snapper>

	<snapper module="snapvideo.StageVU" function="retrieveVideoInfo"
		enabled="true" desc="www.stagevu.com video hosting website">
		<video-id regex="stagevu.com/video/(.+?)&amp;" />
	</snapper>

	<snapper module="snapvideo.Veevr" function="retrieveVideoInfo"
		enabled="true" desc="www.veevr.com video hosting website">
		<video-id regex="veevr.com/videos/(.+?)&amp;" />
		<video-id regex="veevr.com/embed/(.+?)&amp;" />
	</snapper>

	<snapper module="snapvideo.Vplay_ro" function="retrieveVideoInfo"
		enabled="true" desc="www.vplay.ro video hosting website">
		<video-id regex="vplay.ro/watch/(.+?)/" />
		<video-id regex="vplay.ro/watch/(.+?)\?" />
		<video-id regex="vplay.ro/watch/(.+?)&amp;" />
	</snapper>

	<snapper module="snapvideo.Playwire" function="retrieveVideoInfo"
		enabled="true" desc="www.playwire.com video hosting website">
		<video-id regex="playwire.com/(.+?)\.xml" />
		<video-id regex="playwire.com/(.+?)\.js" />
	</snapper>

	<snapper module="snapvideo.Putlocker" function="retrieveVideoInfo"
		enabled="true" desc="www.putlocker.com video hosting website">
		<video-id regex="putlocker.com/file/(.+?)&amp;" />
	</snapper>

	<snapper module="snapvideo.Sockshare" function="retrieveVideoInfo"
		enabled="true" desc="www.sockshare.com video hosting website">
		<video-id regex="sockshare.com/file/(.+?)&amp;" />
	</snapper>

	<snapper function="retrieveVideoInfo" enabled="true"
		module="snapvideo.GoogleDocs" desc="video url that is downloaded from google docs server">
		<video-id regex="docs.google.com/file/(.+?)&amp;" />
	</snapper>

	<!-- The following snapper should be at the end of all srcappers -->
	<snapper module="snapvideo.UrlResolverDelegator" function="retrieveVideoInfo"
		enabled="true"
		desc="A delegator to retireve streamUrl using t0mm0 urlresolver module">
		<video-id regex="(.*)" />
	</snapper>

</snappers>