<?xml version="1.0" encoding="UTF-8" standalone="yes"?>
<addon id="plugin.video.TVonDesiZone" name="TV on DESI ZONE"
	version="1.4.7" provider-name="AJ">
	<requires>
		<import addon="xbmc.python" version="2.0" />
		<import addon="script.module.simplejson" version="2.0.10" />
		<import addon="script.module.beautifulsoup" version="3.2.0" />
		<import addon="script.module.turtle" version="1.3.8" />
		<import addon="script.module.metahandler" version="1.0.1"/>
	</requires>
	<extension point="xbmc.python.pluginsource" library="TurtleMain.py">
		<provides>video</provides>
	</extension>
	<extension point="xbmc.addon.metadata">
		<summary>This addon contains Indian TV Shows video links.</summary>
		<description>This addon is created using Turtle framework designed to
			ease the development of XBMC video addon.</description>
		<disclaimer>This addon makes no warranties, expressed or implied, and
			hereby disclaims and negates all other warranties, including without
			limitation, implied warranties or conditions of merchantability,
			fitness for a particular purpose, or non-infringement of intellectual
			property or other violation of rights. Further, TV on DESI ZONE addon
			does not warrant or make any representations concerning the accuracy,
			likely results, or reliability of the use of the materials on the
			Internet web site where from data is retrieved or otherwise relating
			to such materials or on any sites linked to this addon. Videos are
			soruced from video-hosting websites that are having full rights to
			remove such access to video if required.</disclaimer>
		<platform>all</platform>
		<license>GNU GPL v3</license>
	</extension>
</addon>
