<?xml version="1.0" encoding="UTF-8" standalone="yes"?>
<addon id="script.module.turtle" name="Turtle" version="1.3.8"
	provider-name="AJ">
	<requires>
		<import addon="xbmc.python" version="2.0" />
		<import addon="script.module.simplejson" version="2.0.10" />
		<import addon="script.module.beautifulsoup" version="3.2.0" />
		<import addon="script.module.urlresolver" version="0.0.1" />
		<import addon="script.common.plugin.cache"/>
		<import addon="script.module.simple.downloader"/>
	</requires>
	<extension point="xbmc.python.module" library="lib" />
	<extension point="xbmc.addon.metadata">
		<summary>XBMC add-on framework</summary>
		<description>XBMC add-on provides a simplest way to configure actions
			to be performed for each add-on request using XML.</description>
		<disclaimer>This addon makes no warranties, expressed or implied, and
			hereby disclaims and negates all other warranties, including without
			limitation, implied warranties or conditions of merchantability,
			fitness for a particular purpose, or non-infringement of intellectual
			property or other violation of rights. Further, PlayIt addon does not
			warrant or make any representations concerning the accuracy, likely
			results, or reliability of the use of the materials on the Internet
			web site where from data is retrieved or otherwise relating to such
			materials or on any sites linked to this addon. Videos are soruced
			from video-hosting websites that are having full rights to remove
			such access to video if required.</disclaimer>
		<license>GNU GPL v3</license>
		<platform>all</platform>
	</extension>
</addon>
